{"cameraMode":{"drawMode":0,"name":"Shaded","section":"Shading Mode"},"sceneLighting":true,"audioPlay":false,"sceneViewState":{"m_AlwaysRefresh":false,"showFog":true,"showSkybox":true,"showFlares":true,"showImageEffects":true,"showParticleSystems":true,"showVisualEffectGraphs":true,"m_FxEnabled":true},"in2DMode":false,"pivot":{"x":1.3715813159942628,"y":4.416872501373291,"z":-2.7508130073547365},"rotation":{"x":0.5032299757003784,"y":-0.49302855134010317,"z":0.45623040199279787,"w":0.5437081456184387},"size":11.852887153625489,"orthographic":false}