{"cameraMode":{"drawMode":0,"name":"Shaded","section":"Shading Mode"},"sceneLighting":true,"audioPlay":false,"sceneViewState":{"m_AlwaysRefresh":false,"showFog":true,"showSkybox":true,"showFlares":true,"showImageEffects":true,"showParticleSystems":true,"showVisualEffectGraphs":true,"m_FxEnabled":true},"in2DMode":false,"pivot":{"x":4.270985126495361,"y":-1.4854850769042969,"z":-6.346534729003906},"rotation":{"x":0.0013152403989806772,"y":0.977957010269165,"z":-0.2087600976228714,"w":0.0061621833592653278},"size":9.899160385131836,"orthographic":false}